status_id,status_message,link_name,status_type,status_link,permalink_url,status_published,num_reactions,num_comments,num_shares,num_likes,num_loves,num_wows,num_hahas,num_sads,num_angrys
81221197163_10155952758287164,A Alana Martina acaba de nascer! Tanto a Geo como a Alana est√£o muito bem! Estamos todos muito felizes! ‚ù§Ô∏è,,photo,https://www.facebook.com/Cristiano/photos/a.10151985306187164.1073741843.81221197163/10155952758067164/?type=3,https://www.facebook.com/Cristiano/posts/10155952758287164,2017-11-12 15:23:56,2850922,92360,64214,2428873,385759,29047,5919,647,348
81221197163_10155946361182164,"Living it up in the CR7 Suite.
#PestanaCR7Lisbon",,photo,https://www.facebook.com/Cristiano/photos/a.407367867163.178908.81221197163/10155946351952164/?type=3,https://www.facebook.com/Cristiano/posts/10155946361182164,2017-11-12 13:00:00,241009,2523,1490,220478,18434,1606,395,56,41
81221197163_10155951250192164,Genes üëåüëåüëå,,photo,https://www.facebook.com/Cristiano/photos/a.10151985306187164.1073741843.81221197163/10155951250067164/?type=3,https://www.facebook.com/Cristiano/posts/10155951250192164,2017-11-12 05:04:27,855727,8012,6683,769454,60463,3256,22294,110,150
81221197163_10155946625062164,"Vamos preparar bem o Mundial e ajudar as v√≠timas dos inc√™ndios. Bom jogo, malta! #tudoporportugal",,photo,https://www.facebook.com/Cristiano/photos/a.10151985306187164.1073741843.81221197163/10155946624937164/?type=3,https://www.facebook.com/Cristiano/posts/10155946625062164,2017-11-10 13:11:02,255813,1777,1881,237219,17388,891,243,35,38
81221197163_10155945845167164,Special guest today in training ground üëåüëåüëå‚ù§Ô∏è,,photo,https://www.facebook.com/Cristiano/photos/a.10151985306187164.1073741843.81221197163/10155945845067164/?type=3,https://www.facebook.com/Cristiano/posts/10155945845167164,2017-11-10 07:22:04,381525,3362,2905,349372,29219,1986,863,38,47
81221197163_10155943139672164,"CR7 JUNIOR IS LIVEüëñ ‚öΩ Now available on üëâ CR7.com @CR7limitless #PressPlay
#CR7Junior #CR7Denim",,video,https://www.facebook.com/Cristiano/videos/10155943139672164/,https://www.facebook.com/Cristiano/videos/10155943139672164/,2017-11-09 07:00:00,398121,5097,16804,345046,48977,3223,761,54,60
81221197163_10155940348397164,"Like father like son üòú We are excited to launch our CR7 Junior denim collection. Now available
on üëâ CR7.com #PressPlay #CR7Junior CR7 Limitless",,photo,https://www.facebook.com/Cristiano/photos/a.407367867163.178908.81221197163/10155940347872164/?type=3,https://www.facebook.com/Cristiano/posts/10155940348397164,2017-11-08 13:30:00,597723,6044,4355,539450,38616,2067,17372,92,126
81221197163_10155938905752164,Work done ‚úàÔ∏èüëåüëåüëå,,photo,https://www.facebook.com/Cristiano/photos/a.10151985306187164.1073741843.81221197163/10155938905557164/?type=3,https://www.facebook.com/Cristiano/posts/10155938905752164,2017-11-07 15:07:27,958192,14328,8509,886200,58682,10651,1984,380,295
81221197163_10155916239832164,Building mega projects with the world latest green steel.. this is what I call real innovation. @ahmedabohashima @egyptiansteel #A_New_Generation_Of_Steel,,video,https://www.facebook.com/Cristiano/videos/10155916239832164/,https://www.facebook.com/Cristiano/videos/10155916239832164/,2017-11-06 13:00:00,65440,1105,615,59095,5450,644,213,15,23
81221197163_10155935524417164,"üíéüëå‚öΩ  
Chapter 5: available on nike.com/CR7  
#mercurial #CR7 Nike Football",Photos from Cristiano Ronaldo's post,photo,https://www.facebook.com/Cristiano/photos/a.407367867163.178908.81221197163/10155935521647164/?type=3,https://www.facebook.com/Cristiano/posts/10155935524417164,2017-11-06 07:33:47,120352,1276,793,109599,9885,636,177,34,21
81221197163_10155930355502164,‚öΩÔ∏èüëå,,video,https://www.facebook.com/Cristiano/videos/10155930355502164/,https://www.facebook.com/Cristiano/videos/10155930355502164/,2017-11-04 08:00:33,362469,5423,5143,324487,30706,5991,1213,34,39
81221197163_734350330090193,Learn the secrets to my success at ROCLiveLifeLoud.com.,CRISTIANO RONALDO TRAINING SECRETS | Train Like CRISTIANO RONA...,video,https://www.facebook.com/Cristiano/videos/734350330090193/,https://www.facebook.com/Cristiano/videos/734350330090193/,2017-11-03 13:45:35,291043,6824,10947,241597,13950,1162,34177,73,85
81221197163_10155908594207164,CLEAR Men: World's #1 Men Shampoo ‚òùüèº,,photo,https://www.facebook.com/Cristiano/photos/a.407367867163.178908.81221197163/10155908592842164/?type=3,https://www.facebook.com/Cristiano/posts/10155908594207164,2017-11-03 07:31:15,169238,3071,1383,153691,12225,734,2460,44,84
81221197163_10155926222617164,‚úåÔ∏è,,photo,https://www.facebook.com/Cristiano/photos/a.10151985306187164.1073741843.81221197163/10155926222382164/?type=3,https://www.facebook.com/Cristiano/posts/10155926222617164,2017-11-02 16:16:50,653155,10315,5914,586695,57851,3709,4091,397,412
81221197163_10155918718567164,Traveling next to my neighbor!!üëåüèΩ‚úàÔ∏è,,photo,https://www.facebook.com/Cristiano/photos/a.10151985306187164.1073741843.81221197163/10155918718492164/?type=3,https://www.facebook.com/Cristiano/posts/10155918718567164,2017-10-31 05:07:56,712001,9106,4368,663500,41668,1753,4730,104,246
81221197163_10155908531862164,"Comfort is the new luxuryüëå Loving my new CR7 woven shirt. Styles for everyday. CR7.com üëî üí™@CR7Limitless #DesignedToMoveYou #CR7Denim

www.cr7.com",,photo,https://www.facebook.com/Cristiano/photos/a.407367867163.178908.81221197163/10155908528262164/?type=3,https://www.facebook.com/Cristiano/posts/10155908531862164,2017-10-30 13:00:00,264225,4063,1909,239627,22013,1640,694,59,192
81221197163_10155916330272164,Positive mind üëå‚úåÔ∏è,,photo,https://www.facebook.com/Cristiano/photos/a.10151985306187164.1073741843.81221197163/10155916329582164/?type=3,https://www.facebook.com/Cristiano/posts/10155916330272164,2017-10-30 08:07:06,516883,9529,4311,466841,42532,2009,4671,287,543
81221197163_10155908665272164,"I vote for my hometown, Madeira, as the world's leading Island Destination 2017.  Are you with me? 

CLICK THE LINK BELLOW AND VOTE FOR MADEIRA  üòâ
http://bit.ly/voteformadeira
 
For more information about the Island @visitmadeiraofficial !",,photo,https://www.facebook.com/Cristiano/photos/a.407367867163.178908.81221197163/10155908662987164/?type=3,https://www.facebook.com/Cristiano/posts/10155908665272164,2017-10-28 05:00:00,87242,1570,740,81137,5524,445,98,17,21
81221197163_10155908922822164,Camo style! üëçüèº CR7 Underwear #CR7Underwear,,video,https://www.facebook.com/Cristiano/videos/10155908922822164/,https://www.facebook.com/Cristiano/videos/10155908922822164/,2017-10-27 12:29:19,171957,3282,2196,153582,15470,2141,650,32,82
81221197163_10155908098752164,"Good times at my hotel in Lisbon!  
#PestanaCR7Lisbon",,photo,https://www.facebook.com/Cristiano/photos/a.407367867163.178908.81221197163/10155908097307164/?type=3,https://www.facebook.com/Cristiano/posts/10155908098752164,2017-10-27 06:30:00,424468,3326,1429,399747,22344,1808,447,47,76
81221197163_10155903285307164,"Ensinando aos meus 2 filhos com talento, trabalho e dedica√ß√£o e a √∫nica forma de chegar a ser o n√∫mero 1‚ù§Ô∏è‚ù§Ô∏èüáµüáπ",,photo,https://www.facebook.com/Cristiano/photos/a.10151985306187164.1073741843.81221197163/10155903285117164/?type=3,https://www.facebook.com/Cristiano/posts/10155903285307164,2017-10-25 13:08:02,1486858,18927,25237,1326692,135038,20425,4169,234,300
81221197163_10155902784617164,Not bad 11 üòâüòâüòâüòâüòÇüòÇ,,photo,https://www.facebook.com/Cristiano/photos/a.10151985306187164.1073741843.81221197163/10155902784422164/?type=3,https://www.facebook.com/Cristiano/posts/10155902784617164,2017-10-25 09:36:32,774300,8977,10167,700924,58380,2550,12188,74,184
81221197163_10155900445467164,‚ù§Ô∏è,,photo,https://www.facebook.com/Cristiano/photos/a.10151985306187164.1073741843.81221197163/10155900444472164/?type=3,https://www.facebook.com/Cristiano/posts/10155900445467164,2017-10-24 14:08:39,1221058,15526,11010,1093765,118581,5917,1733,458,604
81221197163_10155899160127164,‚ù§Ô∏è‚ù§Ô∏è‚ù§Ô∏è‚ù§Ô∏è‚ù§Ô∏è‚ù§Ô∏è‚ù§Ô∏è,,photo,https://www.facebook.com/Cristiano/photos/a.10151985306187164.1073741843.81221197163/10155899159972164/?type=3,https://www.facebook.com/Cristiano/posts/10155899160127164,2017-10-24 04:36:01,681550,6969,4658,612956,65243,2408,662,77,204
81221197163_10155897568487164,"Amazing feeling to have won this award again. Want to dedicate to my family, my friends, my teammates and coaches from both Real Madrid and Portuguese NT and everyone who supported me.",,photo,https://www.facebook.com/Cristiano/photos/a.10151985306187164.1073741843.81221197163/10155897567797164/?type=3,https://www.facebook.com/Cristiano/posts/10155897568487164,2017-10-23 16:16:53,1325732,35556,47390,1149899,164262,7432,2799,209,1131
81221197163_10155896815007164,Here we go again!!üëçüèΩ,,photo,https://www.facebook.com/Cristiano/photos/a.10151985306187164.1073741843.81221197163/10155896814882164/?type=3,https://www.facebook.com/Cristiano/posts/10155896815007164,2017-10-23 10:42:28,336103,3880,1402,311377,22864,1280,474,37,71
81221197163_10155894665702164,"My Air Max 97 CR7's are available exclusively on the Nike SNEAKRS app today!
#Airmax #CR7
Go to Nike.com/SNEAKRS",Photos from Cristiano Ronaldo's post,photo,https://www.facebook.com/Cristiano/photos/a.407367867163.178908.81221197163/10155894664542164/?type=3,https://www.facebook.com/Cristiano/posts/10155894665702164,2017-10-23 02:00:00,218254,3475,2291,200564,14037,3219,287,86,61
81221197163_10155890758072164,üëå,,video,https://www.facebook.com/Cristiano/videos/10155890758072164/,https://www.facebook.com/Cristiano/videos/10155890758072164/,2017-10-21 05:54:01,352428,5274,5571,309862,32952,8698,839,40,37
81221197163_10155883358722164,‚öΩÔ∏è,,photo,https://www.facebook.com/Cristiano/photos/a.10151985306187164.1073741843.81221197163/10155883358577164/?type=3,https://www.facebook.com/Cristiano/posts/10155883358722164,2017-10-18 12:27:51,434534,5792,3095,391848,38554,1758,2113,85,176
81221197163_10155878517007164,Imposs√≠vel ficar indiferente a esta trag√©dia. Solid√°rio com familiares e amigos das v√≠timas. Apoio total aos bombeiros que arriscam a vida para ajudar da melhor forma poss√≠vel.üôèüèΩüáµüáπüá™üá∏,,photo,https://www.facebook.com/Cristiano/photos/a.10151985306187164.1073741843.81221197163/10155878515022164/?type=3,https://www.facebook.com/Cristiano/posts/10155878517007164,2017-10-16 16:43:37,218408,2249,2798,190048,10498,466,135,17073,180
81221197163_10155877682192164,"Coming soon!!! Check out my Air Max 97 CR7 ! #AirMax #CR7

Download the Nike SNEAKRS App to find out more nike.com/SNEAKRS",,photo,https://www.facebook.com/Cristiano/photos/a.407367867163.178908.81221197163/10155877679457164/?type=3,https://www.facebook.com/Cristiano/posts/10155877682192164,2017-10-16 13:00:00,398991,6036,3112,369049,24987,3985,730,105,122
81221197163_10155877066777164,Having lunch in the best restaurant in town!üëåüèΩüòç,,photo,https://www.facebook.com/Cristiano/photos/a.10151985306187164.1073741843.81221197163/10155877066127164/?type=3,https://www.facebook.com/Cristiano/posts/10155877066777164,2017-10-16 08:15:56,1595469,20785,5256,1497720,83642,9461,3319,580,683
81221197163_10155869407422164,It's already been one year that I opened my first two hotels ! It's time to celebrate! üéÇ,,video,https://www.facebook.com/Cristiano/videos/10155869407422164/,https://www.facebook.com/Cristiano/videos/10155869407422164/,2017-10-15 12:30:00,115523,1257,1528,105362,9042,964,112,16,22
81221197163_10155874036777164,‚úåÔ∏è,,photo,https://www.facebook.com/Cristiano/photos/a.10151985306187164.1073741843.81221197163/10155874036667164/?type=3,https://www.facebook.com/Cristiano/posts/10155874036777164,2017-10-15 06:00:26,602616,6693,5062,549712,48774,2950,858,91,188
81221197163_10155872067297164,Equipoüëåüëåvamos,,photo,https://www.facebook.com/Cristiano/photos/a.10151985306187164.1073741843.81221197163/10155872067187164/?type=3,https://www.facebook.com/Cristiano/posts/10155872067297164,2017-10-14 12:49:31,346466,3535,2822,314748,29446,924,1159,35,117
81221197163_10155869406262164,Happy to announce the #CR7Challenge winner. Congrats Daniel Nilsen - Football Freestyler ‚öΩÔ∏è üëç,,photo,https://www.facebook.com/Cristiano/photos/a.407367867163.178908.81221197163/10155869400567164/?type=3,https://www.facebook.com/Cristiano/posts/10155869406262164,2017-10-13 12:30:00,303976,2979,2969,277492,23183,2207,902,60,110
81221197163_10155867018502164,"Turning on the light.
You're about to get a glimpse of high-performance in digital!
#7egend",,video,https://www.facebook.com/Cristiano/videos/10155867018502164/,https://www.facebook.com/Cristiano/videos/10155867018502164/,2017-10-12 14:05:27,107605,1169,1253,96749,9703,938,158,20,34
81221197163_10155864048472164,"Motivation! I know how much this lifesaving bag of plasma can help people in need‚Ä¶share a selfie of you donating plasma and inspire others to donate! 
#IPAW2017 #BETHE1Donor ‚òùüèº
Learn more about lifesaving plasma donation at www.bethe1donor.com/learn",,photo,https://www.facebook.com/Cristiano/photos/a.407367867163.178908.81221197163/10155864048432164/?type=3,https://www.facebook.com/Cristiano/posts/10155864048472164,2017-10-11 12:30:46,287168,3817,3896,262227,22879,1590,340,71,60
81221197163_10155863281432164,"Great team effort! Thank you all for your support. Russia, here we come!!üëçüèΩüáµüáπ",,photo,https://www.facebook.com/Cristiano/photos/a.10151985306187164.1073741843.81221197163/10155863281332164/?type=3,https://www.facebook.com/Cristiano/posts/10155863281432164,2017-10-11 04:47:47,515051,5518,5280,469698,42465,1911,818,46,110
81221197163_10155858402837164,Ready üáµüáπüáµüáπüëå,,photo,https://www.facebook.com/Cristiano/photos/a.10151985306187164.1073741843.81221197163/10155858402752164/?type=3,https://www.facebook.com/Cristiano/posts/10155858402837164,2017-10-09 08:43:08,511889,5736,3402,471501,36502,905,2795,70,117
81221197163_10155855217077164,üáµüáπ,,photo,https://www.facebook.com/Cristiano/photos/a.10151985306187164.1073741843.81221197163/10155855216997164/?type=3,https://www.facebook.com/Cristiano/posts/10155855217077164,2017-10-08 05:13:32,453664,4106,2441,416275,35043,1611,589,41,104
81221197163_10155852165302164,Old school üáµüáπ,,photo,https://www.facebook.com/Cristiano/photos/a.10151985306187164.1073741843.81221197163/10155852164982164/?type=3,https://www.facebook.com/Cristiano/posts/10155852165302164,2017-10-07 04:56:05,699416,5456,4278,651529,43968,2601,1085,90,143
81221197163_10155844386152164,THE FUTURE OF DENIM üëñüí™ Shop my  #CR7Denim collection now on www.cr7.com CR7 Limitless #DesignedToMoveYou,CR7 Denim | The Future of Denim,video,https://www.youtube.com/watch?v=iUoZn3QkHxc&feature=youtu.be,https://www.facebook.com/Cristiano/posts/10155844386152164,2017-10-05 12:00:00,71114,961,380,66091,4601,333,55,14,20
81221197163_10155846592607164,üáµüáπüáµüáπ‚úåÔ∏è,,photo,https://www.facebook.com/Cristiano/photos/a.10151985306187164.1073741843.81221197163/10155846592427164/?type=3,https://www.facebook.com/Cristiano/posts/10155846592607164,2017-10-05 07:00:25,438006,4706,3072,399522,35646,2087,588,59,104
81221197163_10155841248842164,"""I don't know where this feeling came from. It was just inside of me. It's like a hunger that never goes away. When you lose, it's like you're starving. When you win, it's still like you're starving, but you ate a little crumb.""

Read my full story: 
https://www.theplayerstribune.com/cristiano-ronaldo-madrid-english/",Timeline Photos,photo,https://www.facebook.com/Cristiano/photos/a.407367867163.178908.81221197163/10155841248842164/?type=3,https://www.facebook.com/Cristiano/posts/10155841248842164:0,2017-10-03 09:17:57,444606,5123,5306,407293,34400,2187,545,81,101
81221197163_10155841238217164,"Check out the trailer of my conversation with Rio Ferdinand
To watch the full version go to: https://youtu.be/yBjBEGRacJc
#Mercurial #CR7 #NikeFootball",,video,https://www.facebook.com/Cristiano/videos/10155841238217164/,https://www.facebook.com/Cristiano/videos/10155841238217164/,2017-10-03 06:33:32,330896,3633,12417,299777,27334,3149,538,47,51
81221197163_10155838934057164,A sneak peek into THE FUTURE OF DENIM üí™ Shop my new #CR7Denim collection now on www.CR7.com CR7 Limitless #DesignedToMoveYou,CR7 Denim | The Future of Denim (Teaser),video,https://www.youtube.com/watch?v=dbV3dNChn6E&feature=youtu.be,https://www.facebook.com/Cristiano/posts/10155838934057164,2017-10-02 11:00:00,73145,885,420,67618,5074,372,59,9,13
81221197163_10155833172772164,"Estar√°s sempre connosco. Parab√©ns, pai. Parab√©ns, av√¥.üôèüèΩ‚ù§Ô∏è",,photo,https://www.facebook.com/Cristiano/photos/a.10151985306187164.1073741843.81221197163/10155833172282164/?type=3,https://www.facebook.com/Cristiano/posts/10155833172772164,2017-09-30 07:44:40,1408767,15099,17009,1261122,136737,6897,1591,2209,211
81221197163_10155760082714288,Created in FIFA 18. Brought to life by me. It's More Than A Game.,FIFA 18 Launch Commercial | More Than a Game,video,https://www.facebook.com/Cristiano/videos/10155760082714288/,https://www.facebook.com/Cristiano/videos/10155760082714288/,2017-09-29 12:00:00,123085,3721,6838,106206,13768,2536,513,29,33
81221197163_10155830903947164,,Cristiano Ronaldo's cover photo,photo,https://www.facebook.com/Cristiano/photos/a.10150674227847164.407326.81221197163/10155830903632164/?type=3,https://www.facebook.com/Cristiano/posts/10155830903947164,2017-09-29 10:37:43,251644,2757,1498,225004,23700,2438,384,52,66
81221197163_10155830313842164,I think Cris loves them more than I do! üòú‚ù§Ô∏è Chapter 5: available now on nike.com/CR7 #Mercurial Nike Football,,photo,https://www.facebook.com/Cristiano/photos/a.407367867163.178908.81221197163/10155830308592164/?type=3,https://www.facebook.com/Cristiano/posts/10155830313842164,2017-09-29 06:33:26,923045,8031,12262,840309,75927,5248,1261,153,148
81221197163_10155826020972164,Have you already take part in the #CR7Challenge? Show me your best trick‚öΩÔ∏èüí™ and don't forget to nominate 7 of your friends to do the same!,,video,https://www.facebook.com/Cristiano/videos/10155826020972164/,https://www.facebook.com/Cristiano/videos/10155826020972164/,2017-09-27 13:36:04,235926,3957,8137,208970,23059,3412,385,41,59
81221197163_10155825407257164,üëåüëåüëå,,photo,https://www.facebook.com/Cristiano/photos/a.10151985306187164.1073741843.81221197163/10155825406802164/?type=3,https://www.facebook.com/Cristiano/posts/10155825407257164,2017-09-27 08:44:45,556427,6178,5343,504213,47834,3117,1030,63,170
81221197163_10155823739952164,‚úàÔ∏è,,photo,https://www.facebook.com/Cristiano/photos/a.10151985306187164.1073741843.81221197163/10155823739867164/?type=3,https://www.facebook.com/Cristiano/posts/10155823739952164,2017-09-26 16:29:59,864108,11334,10820,775076,76475,2448,9758,106,245
81221197163_10155820461312164,"Match day tomorrow. Let's do this üôå #Mercurial #CR7 #NikeFootball 
available on NIke.com/CR7, September 29th.",Photos from Cristiano Ronaldo's post,photo,https://www.facebook.com/Cristiano/photos/a.10151985306187164.1073741843.81221197163/10155820460747164/?type=3,https://www.facebook.com/Cristiano/posts/10155820461312164,2017-09-25 13:49:31,352609,3282,2388,324961,25001,2115,414,63,55
81221197163_10155820020472164,üòâ,,photo,https://www.facebook.com/Cristiano/photos/a.10151985306187164.1073741843.81221197163/10155820020202164/?type=3,https://www.facebook.com/Cristiano/posts/10155820020472164,2017-09-25 11:11:25,966950,14887,8666,880180,76391,7422,2414,175,368
81221197163_10155819085137164,‚úàÔ∏è travel,,photo,https://www.facebook.com/Cristiano/photos/a.10151985306187164.1073741843.81221197163/10155819084962164/?type=3,https://www.facebook.com/Cristiano/posts/10155819085137164,2017-09-25 04:07:41,653466,8105,3453,610133,39112,2740,1207,106,168
81221197163_10155817029967164,"Very happy with my new CR7 Underwear FW17 collection ! 
 Which is your favorite?",Photos from Cristiano Ronaldo's post,photo,https://www.facebook.com/Cristiano/photos/a.10151985306187164.1073741843.81221197163/10155817029097164/?type=3,https://www.facebook.com/Cristiano/posts/10155817029967164,2017-09-24 11:15:46,415462,8230,3490,375589,31614,3023,4943,86,207
81221197163_10155816423677164,Recovery session happy Sunday ‚úåÔ∏èüíï,,photo,https://www.facebook.com/Cristiano/photos/a.10151985306187164.1073741843.81221197163/10155816423212164/?type=3,https://www.facebook.com/Cristiano/posts/10155816423677164,2017-09-24 06:48:07,401725,3816,2538,371361,27917,1548,741,59,99
81221197163_10155810554042164,Unbeatable Performance with 2x the Power! ü§úüèº ü§õüèº #CLEARMen,,photo,https://www.facebook.com/Cristiano/photos/a.407367867163.178908.81221197163/10155810547512164/?type=3,https://www.facebook.com/Cristiano/posts/10155810554042164,2017-09-22 12:30:00,178770,3295,1374,163229,12918,893,1609,33,88
81221197163_10155808439212164,"Can't wait to play in these üíé ! #Mercurial #CR7 #NikeFootball
available on NIke.com/CR7, September 29th.",,photo,https://www.facebook.com/Cristiano/photos/a.10151985306187164.1073741843.81221197163/10155808438447164/?type=3,https://www.facebook.com/Cristiano/posts/10155808439212164,2017-09-21 12:41:28,369711,6661,6864,323477,38100,7114,775,119,126
81221197163_10155804173702164,Un abrazo muy fuerte y solidario para Mexico,,photo,https://www.facebook.com/Cristiano/photos/a.10151985306187164.1073741843.81221197163/10155804171817164/?type=3,https://www.facebook.com/Cristiano/posts/10155804173702164,2017-09-20 03:55:09,384306,5962,11714,312007,55187,464,282,16259,107
81221197163_10155801851992164,"It's amazing to deal with a partner that is always achieving balance between its goals of sustainable development, social responsibility and a continuous advancement in the steel industry. Ahmed Abou Hashima Egyptian Steel #A_New_Generation_Of_Steel",,video,https://www.facebook.com/Cristiano/videos/10155801851992164/,https://www.facebook.com/Cristiano/videos/10155801851992164/,2017-09-19 11:00:00,94639,1251,792,85805,7920,724,153,9,28
81221197163_10155799332722164,üòâ CR7 Underwear,,video,https://www.facebook.com/Cristiano/videos/10155799332722164/,https://www.facebook.com/Cristiano/videos/10155799332722164/,2017-09-18 14:10:00,199228,3777,1745,177121,18883,2067,1018,42,97
81221197163_10155799385492164,‚úåÔ∏èüëå,,photo,https://www.facebook.com/Cristiano/photos/a.10151985306187164.1073741843.81221197163/10155799385372164/?type=3,https://www.facebook.com/Cristiano/posts/10155799385492164,2017-09-18 12:28:06,1600375,35405,23977,1415093,144608,34346,5106,491,731
81221197163_10155790623157164,"Do you want to win a bundle of products from Cristiano Ronaldo Fragrances ? Show me your best trick, publish it with #CR7Challenge and don't forget, challenge 7 friends! üòâ
I'm nominating Nico Rosberg Niall Horan Rory McIlroy TheNotoriousMMA @miguelpaixao07 @chrismd10 @realcalfreezy ! My fragrance, your game ‚öΩÔ∏è üëç",,video,https://www.facebook.com/Cristiano/videos/10155790623157164/,https://www.facebook.com/Cristiano/videos/10155790623157164/,2017-09-15 12:30:00,200321,3770,4437,178709,19362,1636,518,36,60
81221197163_10155789441542164,Bom dia‚úåÔ∏è,,photo,https://www.facebook.com/Cristiano/photos/a.10151985306187164.1073741843.81221197163/10155789441497164/?type=3,https://www.facebook.com/Cristiano/posts/10155789441542164,2017-09-15 03:16:52,1099385,21948,7889,1007008,81721,6699,3277,183,497
81221197163_10155787224367164,‚úåÔ∏è,,photo,https://www.facebook.com/Cristiano/photos/a.10151985306187164.1073741843.81221197163/10155787224237164/?type=3,https://www.facebook.com/Cristiano/posts/10155787224367164,2017-09-14 08:26:03,782212,9973,8918,704281,71957,3800,1684,107,383
81221197163_10155786776717164,Yes üëåüëåüëå,,photo,https://www.facebook.com/Cristiano/photos/a.10151985306187164.1073741843.81221197163/10155786776442164/?type=3,https://www.facebook.com/Cristiano/posts/10155786776717164,2017-09-14 05:11:53,629238,8742,4785,569995,53494,3534,1884,88,243
81221197163_10155782295072164,Number üëÜ in FIFA 18 üôå,,photo,https://www.facebook.com/Cristiano/photos/a.407367867163.178908.81221197163/10155782293442164/?type=3,https://www.facebook.com/Cristiano/posts/10155782295072164,2017-09-12 14:00:00,775023,9257,11245,692237,71595,7173,3279,158,580
81221197163_10155781437092164,üëåüëåüëå,,photo,https://www.facebook.com/Cristiano/photos/a.10151985306187164.1073741843.81221197163/10155781436352164/?type=3,https://www.facebook.com/Cristiano/posts/10155781437092164,2017-09-12 06:22:44,1242646,21561,8344,1138801,90244,8416,4144,297,744
81221197163_10155778786177164,Eyes üëÄ are the mirror of the soul üëåüëåüëå,,photo,https://www.facebook.com/Cristiano/photos/a.10151985306187164.1073741843.81221197163/10155778786087164/?type=3,https://www.facebook.com/Cristiano/posts/10155778786177164,2017-09-11 06:40:56,584871,7809,4409,523551,53308,6439,1305,121,147
81221197163_10155775551517164,Happy Sunday üëåüëñüëî,,photo,https://www.facebook.com/Cristiano/photos/a.10151985306187164.1073741843.81221197163/10155775551422164/?type=3,https://www.facebook.com/Cristiano/posts/10155775551517164,2017-09-10 06:23:12,1158956,19860,7200,1066917,82342,6330,2693,240,434
81221197163_10155770581792164,#LiveLifeFit CR7 Crunch Fitness  üíØüí™ #Fitness #Madrid,,photo,https://www.facebook.com/Cristiano/photos/a.407367867163.178908.81221197163/10155770581147164/?type=3,https://www.facebook.com/Cristiano/posts/10155770581792164,2017-09-08 13:30:00,372686,3984,2595,337640,31661,2701,529,59,96
81221197163_10155770589762164,Momentos üëåüëåüëå,,photo,https://www.facebook.com/Cristiano/photos/a.10151985306187164.1073741843.81221197163/10155770589667164/?type=3,https://www.facebook.com/Cristiano/posts/10155770589762164,2017-09-08 11:17:04,602493,7091,5168,549087,48764,3074,1261,85,222
81221197163_10155768359897164,"Having fun tonight at the global launch of my first casual fragrance, CR7! üëåüèª‚öΩ #cr7fragrance #myfragranceyourgame",Photos from Cristiano Ronaldo's post,photo,https://www.facebook.com/Cristiano/photos/a.10151985306187164.1073741843.81221197163/10155768352822164/?type=3,https://www.facebook.com/Cristiano/posts/10155768359897164,2017-09-07 15:31:17,518054,5372,5172,474079,39899,2920,923,67,166
81221197163_10155765314037164,Nothing better than workout with this view üôèüèºüòÅ @PestanaCR7 #MadeiraIsland #Funchal,,photo,https://www.facebook.com/Cristiano/photos/a.407367867163.178908.81221197163/10155765311382164/?type=3,https://www.facebook.com/Cristiano/posts/10155765314037164,2017-09-06 13:42:01,177976,2243,614,163867,12184,1573,255,52,45
81221197163_10155762367632164,"Sometimes offence needs world class defence‚Ä¶ 
I am excited to share with you that I have teamed up with @PanzerGlass, who has created cool and unique mobile screen protection for me üëå 
See more at www.panzerglass.com/cristianoronaldo",,photo,https://www.facebook.com/Cristiano/photos/a.407367867163.178908.81221197163/10155762366252164/?type=3,https://www.facebook.com/Cristiano/posts/10155762367632164,2017-09-05 12:30:00,213586,2378,1083,197045,15257,972,222,27,62
81221197163_10155761356402164,Vestido com a minha linha de camisas e cal√ßas üëåüëåüëåüáµüáπ,,photo,https://www.facebook.com/Cristiano/photos/a.10151985306187164.1073741843.81221197163/10155761356127164/?type=3,https://www.facebook.com/Cristiano/posts/10155761356402164,2017-09-05 05:17:59,1135422,17868,9048,1038055,85981,8140,2640,187,418
81221197163_10155756764277164,Very important victory!üí™‚öΩÔ∏è,,photo,https://www.facebook.com/Cristiano/photos/a.10151985306187164.1073741843.81221197163/10155756764177164/?type=3,https://www.facebook.com/Cristiano/posts/10155756764277164,2017-09-03 16:36:39,751008,8425,5378,692959,53891,2728,1065,113,252
81221197163_10155749730307164,üáµüáπ,,photo,https://www.facebook.com/Cristiano/photos/a.10151985306187164.1073741843.81221197163/10155749730127164/?type=3,https://www.facebook.com/Cristiano/posts/10155749730307164,2017-09-01 08:39:50,667046,6525,4223,612304,51373,2276,857,58,178
81221197163_10155747662137164,‚öΩÔ∏èüí™,,video,https://www.facebook.com/Cristiano/videos/10155747662137164/,https://www.facebook.com/Cristiano/videos/10155747662137164/,2017-08-31 18:02:14,799321,25420,42956,673102,99852,23554,2512,120,181
81221197163_10155743718287164,"Focused and ready to let loose üáµüáπ‚öΩ
#playfree #mercurial",Photos from Cristiano Ronaldo's post,photo,https://www.facebook.com/Cristiano/photos/a.10151985306187164.1073741843.81221197163/10155743592352164/?type=3,https://www.facebook.com/Cristiano/posts/10155743718287164,2017-08-30 13:01:13,514733,3896,4064,472173,39056,2631,679,54,139
81221197163_10155742625607164,‚öΩÔ∏èüáµüáπüëç,Photos from Cristiano Ronaldo's post,photo,https://www.facebook.com/Cristiano/photos/a.10151985306187164.1073741843.81221197163/10155742624957164/?type=3,https://www.facebook.com/Cristiano/posts/10155742625607164,2017-08-30 06:19:10,389485,3165,2060,359602,27189,2139,411,53,91
81221197163_10155739222507164,Nice to be back to the National Team!üáµüáπüí™,,photo,https://www.facebook.com/Cristiano/photos/a.10151985306187164.1073741843.81221197163/10155739221617164/?type=3,https://www.facebook.com/Cristiano/posts/10155739222507164,2017-08-29 06:22:51,671282,5635,3835,624775,42768,2396,1139,66,138
81221197163_10155737276397164,Time to check out Pestana CR7 Lisboa,,photo,https://www.facebook.com/Cristiano/photos/a.10151985306187164.1073741843.81221197163/10155737273827164/?type=3,https://www.facebook.com/Cristiano/posts/10155737276397164,2017-08-28 12:29:19,169687,1832,381,157842,10310,448,1002,30,55
81221197163_10155730695532164,‚öΩüèÜ #CLEARMen,,video,https://www.facebook.com/Cristiano/videos/10155730695532164/,https://www.facebook.com/Cristiano/videos/10155730695532164/,2017-08-26 12:31:17,127268,1995,1030,115006,10809,957,421,22,53
81221197163_10155730266837164,THE MANüèÜ,,photo,https://www.facebook.com/Cristiano/photos/a.10151985306187164.1073741843.81221197163/10155730266697164/?type=3,https://www.facebook.com/Cristiano/posts/10155730266837164,2017-08-26 05:37:11,507803,4712,3128,470203,34577,2119,659,54,191
81221197163_10155727944007164,GRACIAS EQUIPOüèÜüëåüôèüèΩ‚úåÔ∏è‚ù§Ô∏è,,photo,https://www.facebook.com/Cristiano/photos/a.10151985306187164.1073741843.81221197163/10155727943802164/?type=3,https://www.facebook.com/Cristiano/posts/10155727944007164,2017-08-25 11:22:14,577390,4627,6039,520984,53260,2210,734,57,145
81221197163_10155727112512164,üëÄüèÜ,,photo,https://www.facebook.com/Cristiano/photos/a.10151985306187164.1073741843.81221197163/10155727112392164/?type=3,https://www.facebook.com/Cristiano/posts/10155727112512164,2017-08-25 06:57:55,980648,13197,9655,873934,93266,3541,9286,134,487
81221197163_10155724419632164,"Thank you to my teammates, coaches and staff who helped me win this trophy again. I dedicate this to my family, friends and fans. This is also yours!",,photo,https://www.facebook.com/Cristiano/photos/a.10151985306187164.1073741843.81221197163/10155724417727164/?type=3,https://www.facebook.com/Cristiano/posts/10155724419632164,2017-08-24 13:19:23,1771417,41398,62695,1554267,201328,11190,3157,299,1176
81221197163_10155723133922164,‚úàÔ∏è,,photo,https://www.facebook.com/Cristiano/photos/a.10151985306187164.1073741843.81221197163/10155723126012164/?type=3,https://www.facebook.com/Cristiano/posts/10155723133922164,2017-08-24 06:57:07,1055188,11520,8952,973569,74600,4984,1560,148,327
81221197163_10155722828372164,ü§î,,video,https://www.facebook.com/Cristiano/videos/10155722828372164/,https://www.facebook.com/Cristiano/videos/10155722828372164/,2017-08-24 05:27:46,824348,22962,30766,696091,99492,24645,3707,150,263
81221197163_10155717958887164,"Have you ever related steel to eco-friendly? I did.. that's why I've partnered with the most safety-oriented, hi-end quality steel brand #Egyptian_Steel #A_New_Generation_Of_Steel Ahmed Abou Hashima",,video,https://www.facebook.com/Cristiano/videos/10155717958887164/,https://www.facebook.com/Cristiano/videos/10155717958887164/,2017-08-23 06:30:00,108465,1632,1046,98406,8621,1101,276,21,40
81221197163_10155718146932164,"Mais uma decis√£o incompreens√≠vel. De injusti√ßa em injusti√ßa, nunca me derrubar√£o. E como sempre voltarei mais forte. Obrigado a todos os que me t√™m apoiado.",,photo,https://www.facebook.com/Cristiano/photos/a.10151985306187164.1073741843.81221197163/10155718146802164/?type=3,https://www.facebook.com/Cristiano/posts/10155718146932164,2017-08-22 13:02:04,762895,15794,10958,680311,75535,3397,1972,969,711
81221197163_10155717537082164,üòéüëåCR7 Limitless,,photo,https://www.facebook.com/Cristiano/photos/a.10151985306187164.1073741843.81221197163/10155717535937164/?type=3,https://www.facebook.com/Cristiano/posts/10155717537082164,2017-08-22 08:40:07,1451037,23946,13485,1330858,105546,9883,3638,297,815
81221197163_10155653729279288,New season. The World's Game kicks off September 29. #FIFA18,FIFA 18 | Official Gamescom 2017 Trailer (Blue Monday Mix),video,https://www.facebook.com/Cristiano/videos/10155653729279288/,https://www.facebook.com/Cristiano/videos/10155653729279288/,2017-08-21 12:00:09,351297,12686,20043,303425,40701,6394,601,82,94
81221197163_10155706697642164,My secret is dedication. üíØ  #LiveLifeFit #Fitness,,photo,https://www.facebook.com/Cristiano/photos/a.407367867163.178908.81221197163/10155706692857164/?type=3,https://www.facebook.com/Cristiano/posts/10155706697642164,2017-08-18 12:50:04,363504,3841,2397,330455,30058,2418,443,41,89
81221197163_10155705669002164,üôèüèΩ,,photo,https://www.facebook.com/Cristiano/photos/a.10151985306187164.1073741843.81221197163/10155705668567164/?type=3,https://www.facebook.com/Cristiano/posts/10155705669002164,2017-08-18 05:36:28,587243,4326,3982,532144,40997,713,483,12701,205
81221197163_10155703491152164,Consternado com as not√≠cias que chegam de Barcelona. Todo o apoio e solidariedade a fam√≠lia e amigos das v√≠timas.,,status,,https://www.facebook.com/Cristiano/posts/10155703491152164,2017-08-17 12:09:08,356050,4195,4159,309582,16328,754,404,28690,292
81221197163_10155702505872164,champions Super Cup üëåüëåüèÜ,,photo,https://www.facebook.com/Cristiano/photos/a.10151985306187164.1073741843.81221197163/10155702505717164/?type=3,https://www.facebook.com/Cristiano/posts/10155702505872164,2017-08-17 04:30:26,1378957,14878,18059,1255633,113449,3328,5611,196,740
